"Use_Subsequent_ISIR","ISIR_Used_in_Packaging","Aid_Year"
"isir/mgmt/2016/MaterialChanges.groovy","","2015-2016"
"isir/mgmt/2017/MaterialChanges.groovy","","2016-2017"
"isir/mgmt/2018/MaterialChanges.groovy","","2017-2018"
"isir/mgmt/2018/MaterialChanges.groovy","","2018-2019"
"isir/mgmt/2018/MaterialChanges.groovy","","2019-2020"
"isir/mgmt/2018/MaterialChanges.groovy","","2020-2021"
"isir/mgmt/2018/MaterialChanges.groovy","","2021-2022"
"isir/mgmt/2018/MaterialChanges.groovy","","2022-2023"
"isir/mgmt/2018/MaterialChanges.groovy","isir/mgmt/2024/ISIRUsedInPackaging.groovy","2023-2024"
"isir/mgmt/2025/MaterialChanges.groovy","isir/mgmt/2025/ISIRUsedInPackaging.groovy","2024-2025"